みなと保育サポート施設,Ver201612,,,
名称,所在地,連絡先,緯度,経度
みなと保育サポート白金,東京都港区白金三丁目10番12号,03-5423-4909,35.644894,139.731074
みなと保育サポート港南四丁目,東京都港区港南 四丁目2番4号都営住宅1F ,03-5796-8861,35.630196,139.747592
みなと保育サポート東麻布,東京都港区東麻布二丁目1番1号4階,03-5544-8461,35.65821,139.742614
