No,{ݖ,ݒn,A,ܓx,ox
1,ɐ̐X,sRsQ]PPV]P,042-564-5594,35.7508371,139.393285
2,n掙,sRsR]PU,042-565-0111,35.75697596,139.4007701
3,n掙,sRsT]P]UX,042-562-3242,35.7356643,139.4058927
4,n掙,sRs΂uPSU0,042-565-0758,35.74377366,139.4057509
5,RX,sRsOcR]U]P0,042-560-3037,35.7557664,139.3718201
6,cxEɓޕn掙,sRscxP]U0]R,042-560-0770,35.7462565,139.3751507
