No,{ݖ,ݒn,A,ܓx,ox
1,s݂ۈ牀,sRswR]PQ]P,042-563-3842,35.7477322,139.4041286
2,ݕۈ牀,sRsT]W]P,042-564-9766,35.7564007,139.4079641
3,琬Ђ܂ۈ牀,sRsR]XS]P,042-564-3544,35.7352837,139.4035429
4,琬߂ݕۈ牀,sRsP]RR]R,042-565-3765,35.7415578,139.3979738
5,ۈ牀,sRs݂P]T]PP,042-560-9922,35.7615572,139.366726
6,Ocۈ牀,sRsOcR]RU]P0,042-560-3564,35.7548387,139.3717202
7,΂uۈ牀,sRs΂uPUP0,042-564-3965,35.7453993,139.4080116
8,ނۈ牀,sRsɓޕT]UU,042-560-0088,35.7385991,139.3741788
9,݂炢ۈ牀,sRsP]W]P,042-562-3232,35.7424937,139.3941518
10,܂ǂۈ牀,sRs{R]S0]R,042-560-1855,35.7585553,139.3815219
11,TVۈ牀,sRs΂uPVRQ]P,042-561-3959,35.7420525,139.407909
12,Rۈ牀uNv,sRsP]QW]P,042-562-3141,35.7532034,139.3899491
13,Rۈ牀uv,sRscxS]X0]P,042-520-7151,35.7495948,139.3673374
