No,{ݖ,ݒn,A,ܓx,ox
1,哹V,sRs݂P]Q0]S,,35.7605351,139.366226
2,ݎOڎV,sRs݂R]PQ]PX,,35.76313991,139.3703565
3,꒚ڎV,sRsP]U]QW,,35.75813174,139.3660837
4,OږkV,sRsR]V]PQ,,35.75956827,139.3610626
5,OڒV,sRsR]QQ]U,,35.75710438,139.3591207
6,Oړ쎙V,sRsR]QX]Q,,35.75545449,139.3585843
7,oˌV,sRsR]R0]SX,,35.7552107,139.3578225
8,V,sRsQ]P0]RP,,35.75957263,139.3631172
9,ɓޕlڎV,sRsɓޕS]PW]P,,35.73770183,139.3767938
10,ɓޕܒڎV,sRsɓޕT]W]V,,35.74173381,139.373205
11,ɓޕܒړV,sRsɓޕT]W]PX,,35.74189708,139.3736073
12,ɓޕܒړ쎙V,sRsɓޕT]PT]W,,35.74107416,139.3735456
13,hV,sRsOc؂Q]X]X,,35.75868024,139.3730628
14,Oc؈꒚ڎV,sRsOc؂P]QT]X,,35.75493862,139.3758684
15,cx񒚖ڎV,sRscxQ]PS]V,,35.7458766,139.373323
16,cxlڎV,sRscxS]W0]QP,,35.74809921,139.3675375
17,cxܒڎV,sRscxT]UQ]SU,,35.75149287,139.370555
18,cxV,sRscxQ]QQ]Q,,35.74774438,139.3722367
19,nꎙV,sRs{Q]RS]PU,,35.75693896,139.3824452
20,cV,sRs{S]SP]T,,35.7586443,139.3865826
21,_V,sRs_Q]SW]PV,,35.75477754,139.4010061
22,V,sRs_P]PP,,35.75208277,139.4014889
23,꒚ڎV,sRsP]PT]P,,35.75539354,139.3999413
24,RV,sRs_Q]PP0]P,,35.75479278,139.4064993
25,A^SV,sRsOcP]R0]T,,35.75249417,139.3780035
26,ˎV,sRsOcP]RP]P,,35.75264219,139.3776092
27,OcOڎV,sRsOcR]Q]R0,,35.75509316,139.3742645
28,OcOړV,sRsOcR]TP]QV,,35.75375014,139.3737522
29,OcV,sRsOcP]RS]P0,,35.75134049,139.3774456
30,nPV,sRsOcR]SU]PU,,35.75391775,139.3730897
31,w꒚ڎV,sRswP]RU]P,,35.74804914,139.3919134
32,wlڎV,sRswS]QQ]QR,,35.7438085,139.4010919
33,wlڐV,sRswS]R]Q,,35.74514515,139.3985975
34,wlړV,sRswS]RU]U,,35.7428272,139.4020234
35,wV,sRswP]V0]T,,35.74652097,139.3948478
36,VCV,sRs|Q]VV]R,,35.7418354,139.3920465
37,꒚ڎV,sRsP]SR]R,,35.7402357,139.3982321
38,꒚ڒV,sRsP]PPU]X,,35.7381525,139.3960708
39,꒚ڒkV,sRsP]PPV]RV,,35.73852261,139.3958777
40,꒚ړ쎙V,sRsP]PUT]T0,,35.7349085,139.3964356
41,OڎV,sRsR]PPV]RW,,35.73415518,139.401108
42,lڎV,sRsS]X]PR,,35.73378069,139.4077331
43,ܒڎV,sRsT]T]QR,,35.73659583,139.409844
44,쎙V,sRsR]S]P0,,35.73727293,139.4009042
45,쎙V,sRsS]PR,,35.7348061,139.4070537
